"Comment","Designator","Footprint","LCSC"
"10uF","C1","Capacitor_SMD:C_0805_2012Metric","C440198"
"22uF","C2","Capacitor_SMD:C_0805_2012Metric","C338080"
"100uF","C3, C4","Capacitor_SMD:CP_Elec_6.3x7.7","C267470"
"Blue","D1","LED_SMD:LED_0603_1608Metric","C72041"
"Yellow","D2","LED_SMD:LED_0603_1608Metric","C72038"
"Green","D3","LED_SMD:LED_0603_1608Metric","C72043"
"Screw_Terminal_01x02","J2","ercf-easy-brd:TerminalBlock_bornier-2_P5.08mm_2","C91153"
"1k","R1","Resistor_SMD:R_0603_1608Metric","C21190"
"120R","R2, R7","Resistor_SMD:R_0603_1608Metric","C22787"
"10k","R3, R4","Resistor_SMD:R_0603_1608Metric","C25804"
"4K7","R5","Resistor_SMD:R_0603_1608Metric","C99782"
"390R","R6","Resistor_SMD:R_0603_1608Metric","C23151"
