"Comment","Designator","Footprint","LCSC"
"0u01","C1","Capacitor_SMD:C_0603_1608Metric","C57112"
"10uF","C2","Capacitor_SMD:C_0805_2012Metric","C440198"
"22uF","C3","Capacitor_SMD:C_0805_2012Metric","C45783"
"2n2","C4, C5, C6","Capacitor_SMD:C_0603_1608Metric","C1604"
"100uF","C7, C8","Capacitor_SMD:CP_Elec_6.3x7.7","C267470"
"BAT54C","D1, D2","Package_TO_SOT_SMD:SOT-23","C37704"
"Blue","D3","LED_SMD:LED_0603_1608Metric","C72041"
"Yellow","D4","LED_SMD:LED_0603_1608Metric","C72038"
"Green","D5","LED_SMD:LED_0603_1608Metric","C72043"
"470R","R1","Resistor_SMD:R_0603_1608Metric","C23179"
"47K","R2","Resistor_SMD:R_0603_1608Metric","C25819"
"4K7","R3, R5, R15","Resistor_SMD:R_0603_1608Metric","C23162"
"120R","R4, R7","Resistor_SMD:R_0603_1608Metric","C22787"
"390R","R6","Resistor_SMD:R_0603_1608Metric","C23151"
"10K","R8, R9, R10","Resistor_SMD:R_0603_1608Metric","C25804"
"27K","R11, R12, R13","Resistor_SMD:R_0603_1608Metric","C22967"
"1k","R14","Resistor_SMD:R_0603_1608Metric","C21190"
"10k","R16, R17","Resistor_SMD:R_0603_1608Metric","C25804"
